path,kind,bytes,line_count,sha256
caches/retrieval/full/barexam_qfull_seed42_groq-llama70b_rag_hyde_k10.jsonl,retrieval_cache,1295117,1195,c41b229394b74cb9801f86ce926449da385fecaaf562b55c8375a6a94628e775
caches/retrieval/full/barexam_qfull_seed42_groq-llama70b_snap_hyre_k10.jsonl,retrieval_cache,1301198,1195,6e1cc171b9da260acd26ee3843549d288900877291e99183d796af4e82be57ba
caches/retrieval/full/barexam_qfull_seed42_groq-llama8b_rag_hyde_k10.jsonl,retrieval_cache,1615357,1195,4cc47f6cab822e5f13cf6457f4cf89e147c62e1957ca4f7cb381f5c29a3b9ac8
caches/retrieval/full/barexam_qfull_seed42_groq-llama8b_snap_hyre_k10.jsonl,retrieval_cache,1614022,1195,5418cd921c0226447389a633e88b8d7a8934144ff9ab2f6f5ada2381183c64aa
caches/retrieval/full/barexam_qfull_seed42_or-gemma4-26b_rag_hyde_k10.jsonl,retrieval_cache,1290921,1195,2ae28e131e52803120e36610b9c49d4341ce6654f2064cade0583b952c7fe1d8
caches/retrieval/full/barexam_qfull_seed42_or-gemma4-26b_snap_hyre_k10.jsonl,retrieval_cache,1301085,1195,6fa1f244bfd52c65432e558ba0606ad434192f4b19e6e27673d2a453b79de3d0
caches/retrieval/full/barexam_qfull_seed42_raw_question_k10.jsonl,retrieval_cache,1232654,1195,32dbe7ec7b6afc1b5a2b19b6d74c301ddafa72b1d14c088dcfa7c5d11e1faba4
caches/retrieval/full/housing_qfull_seed42_raw_question_k10.jsonl,retrieval_cache,5514121,6853,5a4720e0d87a42ce72f182f1b803fc1ceb6f84ffbd66f03e1f12e16aefbd3c75
caches/retrieval/full/housing_qfull_seed42_statefilter_groq-llama70b_rag_hyde_k10.jsonl,retrieval_cache,9741220,6853,3779af06f5070417b215048b92247f4f19edbf9f4c58740dcb1d6bde56f7c5f9
caches/retrieval/full/housing_qfull_seed42_statefilter_groq-llama70b_snap_hyre_k10.jsonl,retrieval_cache,9805864,6853,6126bece3d1fd2a8cd58a6277710258ee2adcbb1b19ea097c37570787b07328a
caches/retrieval/full/housing_qfull_seed42_statefilter_groq-llama8b_rag_hyde_k10.jsonl,retrieval_cache,9735870,6853,a24872a4492240d66154dbb11f56862de0092ace7fc192edfe01ba49e0ec9c51
caches/retrieval/full/housing_qfull_seed42_statefilter_groq-llama8b_snap_hyre_k10.jsonl,retrieval_cache,9794005,6853,d33393d87f7104a2e8cbfe5a8555609b702a84901c64557e2fa2724f098c5a08
caches/retrieval/full/housing_qfull_seed42_statefilter_or-gemma4-26b_rag_hyde_k10.jsonl,retrieval_cache,10017415,6853,af57b01f082c6ff3bc3584deddf8f2cc734bc929cd0736634f4bf5c07c81a1f9
caches/retrieval/full/housing_qfull_seed42_statefilter_or-gemma4-26b_snap_hyre_k10.jsonl,retrieval_cache,10066793,6853,338b49562c89bb34efc675699c05a43c3a5c4fc569c960af865f9a4f1147feae
caches/retrieval/full/housing_qfull_seed42_statefilter_raw_question_k10.jsonl,retrieval_cache,9205901,6853,792ad167a40194acf626c9e8244936db8b562330e79a9911226b7cfb65356abe
caches/retrieval/probes/barexam_q500_seed42_or-gemma4-26b_snap_hyre_exemplar_realpassage_k10.jsonl,retrieval_cache,673064,500,cf574e056ac92f78d38541b6adfeb9f6d7a0d514054d7f67443405443b6bf273
caches/retrieval/probes/barexam_q500_seed42_or-gemma4-26b_snap_hyre_k10.jsonl,retrieval_cache,672976,500,ea2042df8b030e1963f57b0e3aa7c334cc13d3c50120320d43decb81dc274aea
caches/retrieval/probes/barexam_q500_seed42_raw_question_k10.jsonl,retrieval_cache,726052,500,da86a63fd87095011d6b3535639bf38646328c49cf53cae20d47b85a846c0a43
caches/retrieval/probes/housing_q500_seed42_statefilter_or-gemma4-26b_snap_hyre_exemplar_realpassage_k10.jsonl,retrieval_cache,740038,500,1fdc895c8f920154e759fd42a42a554afa88b9e1604026a4eb8c6d0adba1f5e8
caches/retrieval/probes/housing_q500_seed42_statefilter_or-gemma4-26b_snap_hyre_k10.jsonl,retrieval_cache,720406,500,4fe751ed3f471573afea9be8dc3bd74ed845ddf535e73769a01a618e4c3255d0
docs/compiled_results.md,source_doc,63099,745,b3c5545677a604fdc4e6467cb9365a8a48d637dacdf4dc414e197b43ae5f4771
docs/retrieval_passage_exemplar_probe_2026-05-20.md,source_doc,13400,254,d0b7a4f0a8215f4adafe3c20775a58d15be0413b8332d4053b674d30a9a21080
docs/signoff_log.md,source_doc,240466,1268,a9fd9dc8963b1fa6ff9d1c05e02071b349deff5f84717817be7802615a61a5fb
logs/eval_golden_passage_groq-llama70b_20260515_210741_barexam_local-snap-hyre-groq-llama70b-barexam-golden_passage-nfull-k5_detail.jsonl,answer_detail_log,10767150,1195,f5cdba1026d8c350f034b20d78e65e6ef739ffea5d2ba23e62510a7dd9302c78
logs/eval_golden_passage_groq-llama70b_20260518_061249_housing_local-snap-hyre-groq-llama70b-housing-golden_passage-nfull-k5_detail.jsonl,answer_detail_log,87275248,6853,2340c431b4c5ee0a7996861851246f9f42a3dfe3c05fbf6c8f96613f750fe4eb
logs/eval_golden_passage_groq-llama8b_20260518_213011_barexam_local-snap-hyre-groq-llama8b-barexam-golden_passage-nfull-k5_detail.jsonl,answer_detail_log,12336468,1195,0d2e15b512f514c338a08b45415d8a33c5965b92d82bd0e3bd6c6827c5b3d66f
logs/eval_golden_passage_groq-llama8b_20260519_140614_housing_local-snap-hyre-groq-llama8b-housing-golden_passage-nfull-k5_detail.jsonl,answer_detail_log,86421021,6853,fe2d5ea483aed639ca233475a59a5a60d875c3103cb577c0ac9a4c639aabcd4c
logs/eval_golden_passage_or-gemma4-26b_20260516_200935_barexam_local-snap-hyre-or-gemma4-26b-barexam-golden_passage-nfull-k5_detail.jsonl,answer_detail_log,11752543,1195,f64814ee63ac3f0b7261d1da912ff1249bd8491355485496d812e752b14bc200
logs/eval_golden_plus_neighbors_groq-llama70b_20260515_202827_barexam_local-snap-hyre-groq-llama70b-barexam-golden_plus_neighbors-nfull-k5_detail.jsonl,answer_detail_log,24644502,1195,30e0fa2db15e073b7a0ffa184eaab75a965bb8fa6a7833758598efc47620881e
logs/eval_golden_plus_neighbors_groq-llama8b_20260518_215012_barexam_local-snap-hyre-groq-llama8b-barexam-golden_plus_neighbors-nfull-k5_detail.jsonl,answer_detail_log,28350582,1195,d4e1e23cca6d62dbb394f7e30b4646b871de0495a7c47d531cdea20ad04bd26a
logs/eval_golden_plus_neighbors_or-gemma4-26b_20260516_233647_barexam_local-snap-hyre-or-gemma4-26b-barexam-golden_plus_neighbors-nfull-k5_detail.jsonl,answer_detail_log,25666706,1195,f5b3d563aeccc1cfb4bd3013f025b6abc0108fcce2a154b971e1b327f844cee6
logs/eval_llm_only_groq-llama70b_20260515_191548_barexam_local-snap-hyre-groq-llama70b-barexam-llm_only-nfull-k5_detail.jsonl,answer_detail_log,8964530,1195,b9cd76e1bc821963493cc3d31d7949d8f9b78bd4cc990536ec047ad4a5972cf7
logs/eval_llm_only_groq-llama70b_20260516_203552_housing_local-snap-hyre-groq-llama70b-housing-llm_only-nfull-k5_detail.jsonl,answer_detail_log,29782704,6853,1b1478e51a800b572ea9cfaf8387e4d840d8c2cf107c44c688251bf57036f64f
logs/eval_llm_only_groq-llama8b_20260518_205159_barexam_local-snap-hyre-groq-llama8b-barexam-llm_only-nfull-k5_detail.jsonl,answer_detail_log,10287597,1195,556d221140a2d5d24312ad4e8de63f9335c3893ed474ffd67620d99e6000c3eb
logs/eval_llm_only_groq-llama8b_20260519_082209_housing_local-snap-hyre-groq-llama8b-housing-llm_only-nfull-k5_detail.jsonl,answer_detail_log,31448331,6853,f103120297805ed11d821861c5d6c818332a0fff70acea52a6225144c74ed4cc
logs/eval_rag_hyde_groq-llama70b_20260515_222654_barexam_local-snap-hyre-groq-llama70b-barexam-rag_hyde-nfull-k5_detail.jsonl,answer_detail_log,29817004,1195,a4b013ca7c742401c2517f93148d60ca4e59e5e5480b6dee7217a91a73c24697
logs/eval_rag_hyde_groq-llama70b_20260521_013539_housing_local-snap-hyre-groq-llama70b-housing-rag_hyde-nfull-k5_detail.jsonl,answer_detail_log,207919711,6853,03c3a9020a1041277bf09b8cfb8574460c49485f3c18191fa6a9fed70dca0fb7
logs/eval_rag_hyde_groq-llama8b_20260518_225428_barexam_local-snap-hyre-groq-llama8b-barexam-rag_hyde-nfull-k5_detail.jsonl,answer_detail_log,32240682,1195,09ddc3c31e33aa1ac3baf5b0cad516781133f9950a36f05992775fef597106d9
logs/eval_rag_hyde_groq-llama8b_20260520_233346_housing_local-snap-hyre-groq-llama8b-housing-rag_hyde-nfull-k5_detail.jsonl,answer_detail_log,206735620,6853,20ce780db14c5c5bafa0d2f9fb791290cf1b2669d4bd1b79d84bfe996c799aaf
logs/eval_rag_hyde_or-gemma4-26b_20260517_040742_barexam_local-snap-hyre-or-gemma4-26b-barexam-rag_hyde-nfull-k5_detail.jsonl,answer_detail_log,29305708,1195,5e15fbd6e405d809e67fe3c4bc7269275350279ee2d417d64140605e96e6c256
logs/eval_rag_hyde_or-gemma4-26b_20260521_174454_housing_local-snap-hyre-or-gemma4-26b-housing-rag_hyde-nfull-k5_detail.jsonl,answer_detail_log,214322776,6853,103642e1a58c75bc90deda9df4adaff1a07b5e73210c9ccb89426b8e31429bf8
logs/eval_rag_rewrite_groq-llama70b_20260515_234357_barexam_local-snap-hyre-groq-llama70b-barexam-rag_rewrite-nfull-k5_detail.jsonl,answer_detail_log,26815945,1195,9643aa7b701bba61962ae84c28ac183e1312097a16b99e5f5fefcb03ac570ac7
logs/eval_rag_rewrite_groq-llama8b_20260518_233753_barexam_local-snap-hyre-groq-llama8b-barexam-rag_rewrite-nfull-k5_detail.jsonl,answer_detail_log,32555978,1195,2dc4b4c91aeead507cffb75af88bce678a44156cbb224a294935d6b4921822a2
logs/eval_rag_rewrite_or-gemma4-26b_20260517_124940_barexam_local-snap-hyre-or-gemma4-26b-barexam-rag_rewrite-nfull-k5_detail.jsonl,answer_detail_log,29093229,1195,1392cf2244a742e4d38ba83e4a9a2c88c405552ca520998045b4bf7458add781
logs/eval_rag_simple_groq-llama70b_20260515_194919_barexam_local-snap-hyre-groq-llama70b-barexam-rag_simple-nfull-k5_detail.jsonl,answer_detail_log,20642314,1195,bf7c5284a702241a85cb0c869416cfbcf59f08074693f85e7986bb82583b8623
logs/eval_rag_simple_groq-llama70b_20260520_230339_housing_local-snap-hyre-groq-llama70b-housing-rag_simple-nfull-k5_detail.jsonl,answer_detail_log,185122312,6853,0a30ce2463d16033e2e4ec3b2b3a3be079bf31727e7e22c67c1df65174a1243b
logs/eval_rag_simple_groq-llama8b_20260518_211000_barexam_local-snap-hyre-groq-llama8b-barexam-rag_simple-nfull-k5_detail.jsonl,answer_detail_log,23989951,1195,7042bfff4363047f1eb61024ae90e25ea33a23a8e7c27ccb148f27d2c92b2d91
logs/eval_rag_simple_groq-llama8b_20260520_132953_housing_local-snap-hyre-groq-llama8b-housing-rag_simple-nfull-k5_detail.jsonl,answer_detail_log,187067473,6853,20732e286fef3695680e8dd2d5779cd0b6645de1eccfce71811b97654f4c2dd5
logs/eval_rag_simple_or-gemma4-26b_20260516_164128_barexam_local-snap-hyre-or-gemma4-26b-barexam-rag_simple-nfull-k5_detail.jsonl,answer_detail_log,21617231,1195,98986c1af8713a3f1bcd81023aa3313b6686ba242afa7848399036e9f941fa60
logs/eval_snap_hyre_exemplar_or-gemma4-26b_20260521_023301_housing_local-snap-hyre-or-gemma4-26b-housing-snap_hyre_exemplar-n500-k5_detail.jsonl,answer_detail_log,17091675,500,f08647bc3241585e2de5ddecb6a27250a3aaa4aca7317084f5de07df63c6db00
logs/eval_snap_hyre_groq-llama70b_20260515_230504_barexam_local-snap-hyre-groq-llama70b-barexam-snap_hyre-nfull-k5_detail.jsonl,answer_detail_log,32020791,1195,73b5fdec1e778118b4e2cfab740756f543bace90dda95041ed5e67e06c784350
logs/eval_snap_hyre_groq-llama8b_20260518_231747_barexam_local-snap-hyre-groq-llama8b-barexam-snap_hyre-nfull-k5_detail.jsonl,answer_detail_log,35499146,1195,a1b3c55096e268f028b7d307f1e7cfdddac4952b688eaf6cf5ee8e8493b7d539
logs/eval_snap_hyre_groq-llama8b_20260521_041736_housing_local-snap-hyre-groq-llama8b-housing-snap_hyre-nfull-k5_detail.jsonl,answer_detail_log,219287317,6853,c02216305778ff0f994a78f1f17def56e2f0870605b4ca16bfa1099d116b2dcd
logs/eval_snap_hyre_or-gemma4-26b_20260517_091147_barexam_local-snap-hyre-or-gemma4-26b-barexam-snap_hyre-nfull-k5_detail.jsonl,answer_detail_log,33486051,1195,03ff283c8d0e39569db9578196d04eaf4371152876102292a3a11065aa61974f
logs/eval_snap_hyre_or-gemma4-26b_20260521_012744_housing_local-snap-hyre-or-gemma4-26b-housing-snap_hyre-n500-k5_detail.jsonl,answer_detail_log,16933449,500,a744de38826c871486e3f1699c8e49854e333d4a2a2b7c1499adefb455fbc336
logs/experiments.jsonl,answer_detail_log,571292,647,80036b992afd5373a35fa0bfc3ca83cff0eb7a04d21cc17e2c50e595220ef332
logs/merged/eval_llm_only_or-gemma4-26b_cloudflare_tail_20260516_barexam_nfull_k5_detail.jsonl,answer_detail_log,10005225,1195,3ed768cd759b7d94fb4654afe0fd56eb13089ec32e51f82ca44ed875cf19b44b
logs/merged/housing_groq-llama70b_snap_hyre_statefilter_full_20260520_detail.jsonl,answer_detail_log,207619397,6853,0b0a93720cc186ff988f58a45191f9d4c305f77d34a74e803612e7437bfc7fe2
logs/merged/housing_or-gemma4-26b_llm_only_full_20260523_114720_detail.jsonl,answer_detail_log,42494319,6853,8d77ea8f4e5f29e2f4cfb88bb8152cf7a42d0fde2c186aaa69e57c743bc9764b
logs/merged/housing_or-gemma4-26b_rag_simple_statefilter_full_20260521_185315_detail.jsonl,answer_detail_log,193327977,6853,c4b14f78619562cb401917ec966b8cc64f729e230c38311d517cb8ad1938da3b
logs/merged/housing_or-gemma4-26b_snap_hyre_statefilter_full_20260523_113019_detail.jsonl,answer_detail_log,235042377,6853,f3373f0834bc860c476642a0d2c6f6ca14065c65ba3912fee5d5e3b5f1767a57
paper/after_report/damage_report.md,audit_doc_or_script,11232,149,43ed81a97c91b3da87e646e8f8f8e98d4263ece9c45a640d615e045fda8d3ca7
paper/after_report/data_generation_and_reproducibility.md,audit_doc_or_script,5658,147,8e8e8d8c7a0d3533fe62782586d6066de1a390b968ee1218c981b2cfaed5edb4
paper/after_report/internal_discrepancies_and_recommendations.md,audit_doc_or_script,5734,127,8b766e49bf5ab607485cf04d179b9041b13173642c682f249f66bd0a90393b86
paper/after_report/number_lineage.md,audit_doc_or_script,28319,242,809f42339f817a745b05ccef27eaac36c64dae5da5d3ff3eecb8fdc918022908
paper/after_report/scripts/regenerate_figure3_from_final_csv.py,audit_doc_or_script,6409,197,8310762571df755b6c1865ef4fffa7f74d6d7135f92fcb0a56ed5a48f0bdd397
paper/after_report/tables/current_answer_matrix.tex,paper_table_or_csv,1066,21,a861501309134d3cda9d30d6267bcba379acb014fc162d3db643795a06f42935
paper/after_report/tables/current_figure_metrics.csv,paper_table_or_csv,3233,41,d17810e6fdcebc068f4bfd854aa2764d07a3662573120438a0cc8baa0436ec06
paper/after_report/tables/current_retrieval_matrix.tex,paper_table_or_csv,720,18,733d92c9041304d7a0ef668b86a952296f014d4b6a8427a8a82fac7ba1d20c15
paper/after_report/tables/current_usage_metrics.csv,paper_table_or_csv,6565,32,278fde19ffcbc7e8092716f4787e8042c36a1f90f57061f65197009360089788
paper/after_report/tables/current_usage_metrics.tex,paper_table_or_csv,561,18,628fa1d5cbb3dea4d0ee2998609e169c9fa154490d58f4b1b90391e93bf19e8d
paper/after_report/tables/exemplar_probe_q20.tex,paper_table_or_csv,613,15,58ae276e1338030026bad09f29c30b9859b2d1d76ece880a2a347ad6263bbe1b
paper/after_report/tables/exemplar_probe_q20_metrics.csv,paper_table_or_csv,598,7,b137a4fa9513693dc782e8b36c328fee2809f6e8c3d6ee7280ab47756fd428b7
paper/after_report/tables/topk_retrieval_metrics.csv,paper_table_or_csv,8902,57,5cbc8e77437cc7a013129c4df16867fe814795420a8253d47f06494f54453017
paper/after_report/tables/topk_retrieval_summary.tex,paper_table_or_csv,2357,34,b14ab6b2618eb91f3fc40bb610394fcf0cc7cf667d9aa1d06edc69ed84d6b814
paper/icml_submission_damage_report.md,audit_doc_or_script,11243,148,42269552a2ce6b58ef99c4f03e7574efbc185bc88951d255dadbcd958f7c0f0d
paper/reported_data_lineage.md,audit_doc_or_script,28204,242,e75d63bf4aee2cc6413fce03021925c62413991a0fd121503e7e93b13626738e
